Category	MFR Part #	Footprint	Description	JLCPCB Part #	JLCPCB Parts Qty	Global Sourcing Parts Qty	Consigned Parts Qty	Unit Price($)	Total Price($)
Optoelectronics	TSOP38238	SIP-3-2.54mm	-25℃~+85℃ 10mW 2.5V~5.5V 350uA 38kHz 45m ±45° SIP-3-2.54mm Infrared Remote Receiver (IRM) ROHS	C141632	2	0	0	0.78	1.55
Resistors	0805W8F1000T5E	0805	-55℃~+155℃ 100Ω 125mW 150V Thick Film Resistor ±1% ±100ppm/℃ 0805 Chip Resistor - Surface Mount ROHS	C17408	0	0	0	0	0
Resistors	0805W8F2200T5E	0805	-55℃~+155℃ 125mW 150V 220Ω Thick Film Resistor ±1% ±100ppm/℃ 0805 Chip Resistor - Surface Mount ROHS	C17557	0	0	0	0	0
Optoisolators	LTV-817S	SMD-4P	-55℃~+110℃ 1 1.2V 100mV@20mA,1mA 200mW 35V 3us 4us 50% 50mA 50mA 5kV 600% 6V DC Phototransistor SMD-4P Transistor, Photovoltaic Output Optoisolators ROHS	C189217	0	0	0	0	0
	B1205S-3WR2L	SIP,19.6x7mm	-40℃~+85℃ 1 1.5kV 10.8V~13.2V 2400uF 250kHz 3W 4mA 5V 600mA 80mVp-p 83% Short Circuit Protection SIP,19.6x7mm Isolated Power Modules ROHS	C20622657	10	0	0	1.51	15.07
Circuit Protection	MF-R020-2	插件	-40℃~+85℃ 1.5Ω 4.4Ω 400mW 插件 Resettable Fuses ROHS	C208471	0	0	0	0	0
Power Management (PMIC)	AP2112K-3.3TRG1	SOT-23-5	-40℃~+85℃@(Ta) 1 10uA 3.3V 320mV@(600mA) 5.5V 600mA 75dB@(1kHz) Fixed Over Temperature Protection Positive SOT-23-5 Voltage Regulators - Linear, Low Drop Out (LDO) Regulators ROHS	C23380830	0	0	0	0	0
Magnetic Sensors	ACS723LLCTR-05AB-T	SOIC-8	-40℃~+150℃ 0.65mΩ 2400Vrms 400mV/A 5A 5V Support SOIC-8 Current Sensors ROHS	C2655492	2	0	0	3.4	6.8
Transistors/Thyristors	BC547-B	TO-92-3	1 NPN 100mA 150MHz 15nA 200 45V 600mV 625mW 6V NPN TO-92-3 Bipolar (BJT) ROHS	C2844035	10	0	0	0.04	0.33
Sensors	TMP235A4DCKR	SC-70-5	-40℃~+150℃ 2.3V~5.5V ±1℃ SC-70-5 Temperature Sensors ROHS	C2861437	2	0	0	0.36	0.71
Signal Isolation Devices	ISO7760DBQR	SSOP-16-150mil	-55℃~+125℃ 0 100Mbps 100kV/us 11ns 2.25V~5.5V 2.25V~5.5V 5000 6 High Level SSOP-16-150mil Digital Isolators ROHS	C2868628	5	0	0	1.3	6.49
IoT/Communication Modules	ESP32-S3-WROOM-1-N4	SMD,25.5x18mm	-103.5dBm -40℃~+85℃ 2.4GHz 20.5dBm 355mA 3V~3.6V 95mA Bluetooth5.0 ESP32-S3 On-board PCB Antenna UART、SPI、I2C、GPIO、I2S、USB SMD,25.5x18mm WiFi Modules ROHS	C2913197	2	0	0	4.49	8.98
Power Modules	B1205S-2WR3	SIP,19.5x7mm	-40℃~+85℃ 1 1.5kV 10.8V~13.2V 100kHz 100mVp-p 10mm 19.5mm 2400uF 2W 400mA 5V 7mm 82% Short Circuit Protection SIP,19.5x7mm Isolated Power Modules ROHS	C2992387	0	0	0	0	0
Connectors	PM200-1-19-Z-4.3	插件,P=2mm	-40℃~+105℃ 1 1.5A 19P 1x19P 2mm 4.3mm Brass Square Hole Through Hole Top Plugin,P=2mm Female Headers ROHS	C3012145	16	0	0	0.23	3.56
Circuit Protection	SMBJ12A	SMB	-65℃~+150℃ 12V 14.7V 19.9V 1uA 30.2A 390pF 600W@10/1000us TVS SMB ESD and Surge Protection (TVS/ESD) ROHS	C353398	25	0	0	0.04	0.94
Circuit Protection	0ZRS0050FF1E	插件	-40℃~+125℃ 1.1Ω 100A 1A 32V 350mΩ 3s 500mA 900mW 插件 Resettable Fuses ROHS	C3761252	0	0	0	0	0
Connectors	1803293	弯插,P=3.81mm	1 160V 1x4P 3.81mm 4 4P 8A Board Side/Socket - Closed Green Right-Angle 弯插,P=3.81mm Pluggable System Terminal Block ROHS	C480536	30	0	0	0.54	16
Connectors	JL271R-35008G01	弯插,P=3.5mm	-40℃~+105℃ 0.2~1.5 1 10A 16~24 1x8P 3.5mm 300V 8 8P Green Right Angle 弯插,P=3.5mm Spring Clamp System Terminal Block ROHS	C5137858	7	0	0	1.04	7.25
Connectors	YZ156715080P-12025-02	-	-40℃~+85℃ 10000 times 12P 12V 1A 2.5mm 5.4mm 50mΩ 8mm Brass Gold Pogo Pin - Pogo Pin Spring Probe Connector ROHS	C5200695	10	0	0	2.89	28.85
Power Modules	SLC03A-05	DIP,22.1x13.8mm	1 1.5kV 3W 5V 600mA 79% 9V~18V DIP,22.1x13.8mm Power Module/Power Supply ROHS	C5899332	0	0	0	0	0
Power Management (PMIC)	AMS1117-3.3	SOT-223	-40℃~+125℃ 0.003%Vout 1 1.1V@(800mA) 15V 1A 3.3V 5mA 72dB@(120Hz) Fixed Over Current Protection、Thermal Shutdown Positive SOT-223 Voltage Regulators - Linear, Low Drop Out (LDO) Regulators ROHS	C6186	2	0	0	0.23	0.45
Circuit Protection	mSMD075	1812	-40℃~+85℃ 1.5A 100A 13.2V 450mΩ 750mA 800mW 8s 90mΩ 1812 Resettable Fuses ROHS	C70114	25	0	0	0.05	1.19
Connectors	USB4085-GF-A	插件	-40℃~+85℃ 1 48V 5A Black Female Right Angle Type-C USB 2.0 插件 USB Connectors ROHS	C7095263	0	0	0	0	0
Diodes	BAT54S KL4	SOT-23	1 Pair Series Connection 1V@100mA 200mA 2uA@25V 30V 600mA SOT-23 Schottky Diodes ROHS	C8592	0	0	0	0	0
Diodes	SS34	SMA(DO-214AC)	-55℃~+125℃ 3A 40V 500uA@40V 550mV@3A Independent SMA(DO-214AC) Schottky Diodes ROHS	C8678	0	0	0	0	0
Motor Driver ICs	TB6612FNG(O,C,8,EL	SSOP-24-208mil	-20℃~+85℃ 1A 1uA 2 2.7V~5.5V 3.2A 500mΩ Yes SSOP-24-208mil Brushed DC Motor Drivers ROHS	C88224	3	0	0	1	3
Connectors	PJ-320D-4A	SMD	-20℃~+70℃ 3.5mm Headphone Jack 30V 500mA Gold Phosphor bronze SMD Audio Connectors ROHS	C95562	1	0	0	0.1	0.1
